{"cameraMode":{"drawMode":0,"name":"Shaded","section":"Shading Mode"},"sceneLighting":false,"audioPlay":false,"sceneViewState":{"m_AlwaysRefresh":false,"showFog":true,"showSkybox":true,"showFlares":true,"showImageEffects":true,"showParticleSystems":true,"showVisualEffectGraphs":true,"m_FxEnabled":false},"in2DMode":false,"pivot":{"x":-16.042972564697267,"y":8.472284317016602,"z":-26.825275421142579},"rotation":{"x":-0.019284414127469064,"y":0.9719133973121643,"z":-0.08407784253358841,"w":-0.22129572927951814},"size":10.340031623840332,"orthographic":false}