{"cameraMode":{"drawMode":0,"name":"Shaded","section":"Shading Mode"},"sceneLighting":false,"audioPlay":false,"sceneViewState":{"m_AlwaysRefresh":false,"showFog":true,"showSkybox":true,"showFlares":true,"showImageEffects":true,"showParticleSystems":true,"showVisualEffectGraphs":true,"m_FxEnabled":true},"in2DMode":false,"pivot":{"x":4.9625139236450199,"y":15.015419960021973,"z":-30.571746826171876},"rotation":{"x":-0.22764165699481965,"y":0.527014970779419,"z":-0.15054215490818025,"w":-0.8053253293037415},"size":15.257100105285645,"orthographic":false}