{"cameraMode":{"drawMode":0,"name":"Shaded","section":"Shading Mode"},"sceneLighting":false,"audioPlay":false,"sceneViewState":{"m_AlwaysRefresh":false,"showFog":true,"showSkybox":true,"showFlares":true,"showImageEffects":true,"showParticleSystems":true,"showVisualEffectGraphs":true,"m_FxEnabled":false},"in2DMode":false,"pivot":{"x":0.011000001803040505,"y":1.656000018119812,"z":0.25200000405311587},"rotation":{"x":-0.14607685804367066,"y":0.4411649703979492,"z":-0.07374954223632813,"w":-0.8827419877052307},"size":6.271341323852539,"orthographic":false}