{"cameraMode":{"drawMode":0,"name":"Shaded","section":"Shading Mode"},"sceneLighting":true,"audioPlay":false,"sceneViewState":{"m_AlwaysRefresh":false,"showFog":true,"showSkybox":true,"showFlares":true,"showImageEffects":true,"showParticleSystems":true,"showVisualEffectGraphs":true,"m_FxEnabled":true},"in2DMode":false,"pivot":{"x":-0.8237772583961487,"y":-1.0171637535095215,"z":5.267855644226074},"rotation":{"x":0.19899989664554597,"y":-0.19119612872600556,"z":0.03958626836538315,"w":0.9603960514068604},"size":4.339290618896484,"orthographic":false}