{"cameraMode":{"drawMode":0,"name":"Shaded","section":"Shading Mode"},"sceneLighting":false,"audioPlay":false,"sceneViewState":{"m_AlwaysRefresh":false,"showFog":true,"showSkybox":true,"showFlares":true,"showImageEffects":true,"showParticleSystems":true,"showVisualEffectGraphs":true,"m_FxEnabled":false},"in2DMode":false,"pivot":{"x":14.052767753601075,"y":1.134572982788086,"z":8.195169448852539},"rotation":{"x":-0.021810438483953477,"y":-0.6696136593818665,"z":0.019618408754467965,"w":-0.7428501844406128},"size":10.340031623840332,"orthographic":false}